,City Name,Cloudiness,Country,Date,Humidity,Latitude,Longitude,Max Temperature,Wind Speed
0,Mar del Plata,99,AR,1562653454,73,-46.43,-67.52,43.78,6.67
1,Pemba,75,MZ,1562653455,83,-12.97,40.52,73.4,9.17
2,Aksarayskiy,0,RU,1562653457,42,46.79,48.01,84.2,15.66
3,San Cristobal,98,HN,1562653458,95,14.68,-86.92,66.46,3.31
4,Arkhangelsk,20,RU,1562653242,76,64.54,40.54,51.8,8.95
5,Albany,1,US,1562653260,72,42.65,-73.75,66.0,3.71
6,Punta Arenas,90,CL,1562653462,93,-53.16,-70.91,39.2,4.7
7,Rincon,100,PA,1562653463,67,8.46,-82.28,57.0,5.01
8,New Norfolk,75,AU,1562653465,54,-42.78,147.06,55.4,5.82
9,Pevek,75,RU,1562653466,65,69.7,170.27,51.16,15.88
10,Concordia,100,AR,1562653468,77,-31.4,-58.02,50.0,7.0
11,Yellowknife,75,CA,1562653469,71,62.45,-114.38,50.0,5.82
12,Naze,100,NG,1562653470,97,5.43,7.07,70.96,5.08
13,Hualmay,85,PE,1562653472,86,-11.1,-77.61,62.68,16.84
14,Dingle,30,PH,1562653473,76,11.0,122.67,85.54,9.73
15,Rikitea,12,PF,1562653474,85,-23.12,-134.97,72.94,26.11
16,Chuy,100,UY,1562653476,71,-33.69,-53.46,47.74,5.68
17,Victoria,75,BN,1562653286,70,5.28,115.24,89.6,3.36
18,Ponta do Sol,0,BR,1562653478,88,-20.63,-46.0,48.46,3.76
19,Kapaa,90,US,1562653480,88,22.08,-159.32,78.8,16.11
20,Ribeira Grande,20,PT,1562653481,94,38.52,-28.7,68.0,5.82
21,Atuona,7,PF,1562653482,74,-9.8,-139.03,80.32,15.48
22,Tuktoyaktuk,20,CA,1562653483,81,69.44,-133.03,50.0,9.17
23,Iqaluit,75,CA,1562653485,81,63.75,-68.52,51.8,8.05
24,Cape Town,90,ZA,1562653486,100,-33.93,18.42,57.0,2.24
25,Geraldton,75,CA,1562653488,63,49.72,-86.95,62.6,8.05
26,Port Elizabeth,1,US,1562653489,100,39.31,-74.98,71.01,0.96
27,Avarua,0,CK,1562653491,88,-21.21,-159.78,69.8,3.36
28,Bredasdorp,6,ZA,1562653492,87,-34.53,20.04,51.8,8.05
29,Portland,1,US,1562653493,77,43.66,-70.25,63.0,4.7
30,Ilulissat,98,GL,1562653495,65,69.22,-51.1,46.4,10.76
31,Awbari,0,LY,1562653496,13,26.59,12.77,83.2,9.42
32,Panguna,95,PG,1562653497,75,-6.32,155.48,82.66,15.82
33,Pochinki,100,RU,1562653499,97,54.7,44.85,59.26,11.3
34,Mataura,100,NZ,1562653500,92,-46.19,168.86,48.99,10.0
35,Saint-Philippe,1,CA,1562653501,93,45.36,-73.48,66.2,3.36
36,Thompson,75,CA,1562653503,77,55.74,-97.86,62.6,8.05
37,Jhang,75,PK,1562653504,55,33.67,72.7,93.0,10.29
38,Port-Gentil,75,GA,1562653506,100,-0.72,8.78,71.6,2.24
39,Constitucion,100,MX,1562653508,81,23.99,-104.67,62.01,4.0
40,Saint-Joseph,0,FR,1562653509,64,43.56,6.97,79.0,2.24
41,Georgetown,20,GY,1562653510,100,6.8,-58.16,73.4,4.7
42,Hobyo,39,SO,1562653512,48,5.35,48.53,87.16,22.37
43,Haines Junction,49,CA,1562653513,52,60.75,-137.51,59.98,3.47
44,Novo Aripuana,16,BR,1562653514,90,-5.12,-60.38,71.5,2.55
45,Lompoc,90,US,1562653218,87,34.64,-120.46,57.99,6.93
46,Qaanaaq,95,GL,1562653517,89,77.48,-69.36,38.02,2.19
47,Terme,40,TR,1562653518,69,41.21,36.97,77.0,13.87
48,Urozhaynoye,61,RU,1562653520,82,47.7,142.03,51.88,23.53
49,Nome,1,US,1562653521,94,30.04,-94.42,82.99,3.36
50,Severo-Kurilsk,100,RU,1562653522,96,50.68,156.12,42.34,1.66
51,Rafai,100,CF,1562653524,92,4.95,23.92,70.78,2.51
52,Beringovskiy,91,RU,1562653525,44,63.05,179.32,63.94,4.38
53,Huangzhai,100,CN,1562653527,85,23.86,112.01,84.28,5.86
54,Mahebourg,40,MU,1562653528,74,-20.41,57.7,78.8,4.7
55,Alice Springs,0,AU,1562653529,12,-23.7,133.88,71.6,9.17
56,Verkhnevilyuysk,100,RU,1562653531,53,63.45,120.31,78.16,4.36
57,Ushuaia,0,AR,1562653532,93,-54.81,-68.31,35.6,0.51
58,Henties Bay,0,NA,1562653533,17,-22.12,14.28,73.0,14.0
59,Isangel,20,VU,1562653535,50,-19.55,169.27,75.2,5.82
60,Puerto Ayora,39,EC,1562653536,83,-0.74,-90.35,70.42,11.72
61,Barrow,67,AR,1562653538,83,-38.31,-60.23,43.78,8.66
62,Busselton,52,AU,1562653539,43,-33.64,115.35,64.0,18.48
63,Sulangan,0,PH,1562653541,67,11.14,123.72,85.36,2.86
64,Morant Bay,40,JM,1562653542,69,17.88,-76.41,80.6,18.34
65,Bonavista,0,CA,1562653544,61,48.65,-53.11,61.0,13.0
66,Tommot,100,RU,1562653545,63,58.97,126.27,75.64,3.33
67,Jamestown,0,AU,1562653546,59,-33.21,138.6,56.2,9.55
68,Airai,9,TL,1562653548,54,-8.93,125.41,82.3,3.09
69,Tautira,20,PF,1562653549,78,-17.73,-149.15,77.0,1.12
70,Bilibino,96,RU,1562653550,41,68.06,166.44,68.08,5.64
71,Jalu,0,LY,1562653552,28,29.03,21.55,83.74,5.93
72,Vaini,75,IN,1562653553,78,15.34,74.49,78.8,9.17
73,Fairbanks,90,US,1562653304,60,64.84,-147.72,75.2,5.03
74,Carnarvon,0,ZA,1562653556,78,-30.97,22.13,44.14,3.44
75,Lata,60,IN,1562653557,93,30.78,78.62,51.34,6.49
76,Bluff,0,AU,1562653558,48,-23.58,149.07,72.4,5.17
77,Vestmannaeyjar,48,IS,1562653560,77,63.44,-20.27,51.34,12.44
78,Vanimo,99,PG,1562653561,73,-2.67,141.3,83.02,7.61
79,Rio Gallegos,40,AR,1562653557,100,-51.62,-69.22,39.2,3.36
80,Butaritari,42,KI,1562653564,71,3.07,172.79,85.18,7.47
81,Parrita,20,CR,1562653565,94,9.52,-84.33,69.01,4.7
82,Norman Wells,40,CA,1562653566,48,65.28,-126.83,60.8,4.7
83,Khatanga,100,RU,1562653568,80,71.98,102.47,51.34,12.19
84,Poum,20,MK,1562653569,64,41.28,20.71,73.4,0.4
85,Port Alfred,5,ZA,1562653570,80,-33.59,26.89,62.01,5.99
86,Souillac,0,FR,1562653572,52,45.6,-0.6,66.99,16.11
87,Provideniya,0,RU,1562653573,46,64.42,-173.23,73.4,11.18
88,Kaitangata,100,NZ,1562653574,64,-46.28,169.85,50.0,3.0
89,Kahului,40,US,1562653564,78,20.89,-156.47,80.6,18.34
90,Hilo,90,US,1562653577,83,19.71,-155.08,79.0,3.36
91,Kloulklubed,75,PW,1562653582,66,7.04,134.26,86.0,9.17
92,Cabo San Lucas,5,MX,1562653507,30,22.89,-109.91,84.99,5.82
93,Mount Isa,90,AU,1562653586,47,-20.73,139.49,75.2,9.17
94,Nuoro,40,IT,1562653381,65,40.32,9.33,84.99,8.05
95,Saint-Augustin,5,CA,1562653588,67,45.63,-73.98,66.2,3.36
96,Puerto Cabezas,100,NI,1562653590,93,14.04,-83.39,76.54,4.63
97,College,90,US,1562653591,68,64.86,-147.8,73.0,5.03
98,Tingi,36,TZ,1562653592,64,-11.3,35.03,66.46,4.03
99,Panevezys,90,LT,1562653593,93,55.73,24.35,53.6,4.7
100,Ahipara,73,NZ,1562653596,71,-35.17,173.16,57.28,10.33
101,Baherden,31,TM,1562653598,26,38.44,57.43,87.34,7.58
102,Shirokiy,79,RU,1562653599,63,53.87,39.17,66.99,3.0
103,Tura,65,RU,1562653435,68,64.27,100.22,64.3,12.33
104,Nikolskoye,75,RU,1562653601,77,59.7,30.79,60.8,6.71
105,Yulara,0,AU,1562653603,19,-25.24,130.99,75.2,4.7
106,Parichhatgarh,6,IN,1562653604,43,28.98,77.93,98.68,4.52
107,Uyuni,0,BO,1562653605,36,-20.46,-66.82,34.42,1.61
108,Tabou,89,CI,1562653607,91,4.42,-7.36,72.58,4.32
109,West Fargo,20,US,1562653608,100,46.88,-96.9,66.0,12.75
110,Fortuna,90,US,1562653609,87,40.6,-124.16,60.01,3.36
111,Barbastro,95,ES,1562653611,93,42.04,0.13,64.0,3.36
112,Kon Tum,88,VN,1562653612,96,14.36,108.0,76.36,2.01
113,Arraial do Cabo,2,BR,1562653613,79,-22.97,-42.02,61.78,9.78
114,Taft,75,PH,1562653614,84,11.9,125.42,83.38,3.8
115,Mandalgovi,0,MN,1562653616,23,45.76,106.27,78.7,3.58
116,Cidreira,56,BR,1562653618,88,-30.17,-50.22,49.18,3.42
117,Takaka,90,NZ,1562653619,83,-40.86,172.81,50.0,1.99
118,Iguape,52,BR,1562653620,90,-24.7,-47.56,55.66,3.4
119,Teguldet,67,RU,1562653621,41,57.31,88.17,77.62,7.0
120,Narsaq,100,GL,1562653623,24,60.91,-46.05,59.0,21.92
121,Belmonte,1,PT,1562653624,95,40.36,-7.35,60.01,1.99
122,Bandarbeyla,46,SO,1562653626,42,9.49,50.81,89.68,33.11
123,Port Macquarie,0,AU,1562653329,34,-31.43,152.91,66.2,5.82
124,Kamareddi,100,IN,1562653629,74,18.32,78.34,82.3,15.28
125,Gravdal,40,NO,1562653630,76,59.79,5.78,55.99,13.87
126,Pangnirtung,13,CA,1562653632,78,66.15,-65.72,48.1,2.1
127,Kuytun,0,RU,1562653633,51,54.34,101.51,78.52,2.77
128,Hithadhoo,12,MV,1562653634,77,-0.6,73.08,84.1,16.53
129,Hobart,75,AU,1562653636,58,-42.88,147.33,54.0,8.05
130,Vao,100,EE,1562653637,87,59.1,26.19,56.2,10.16
131,Barras,50,BR,1562653638,69,-4.24,-42.29,73.66,4.94
132,Chifeng,100,CN,1562653640,48,42.27,118.96,75.46,11.25
133,Hinton,95,CA,1562653641,96,53.4,-117.57,44.32,1.83
134,Komsomolskiy,99,RU,1562653642,55,67.55,63.78,54.76,8.32
135,Westport,1,US,1562653501,93,41.14,-73.36,69.01,2.04
136,Quatre Cocos,40,MU,1562653645,74,-20.21,57.76,78.8,4.7
137,Maragogi,11,BR,1562653646,97,-9.01,-35.22,68.62,3.22
138,Zhigansk,41,RU,1562653648,48,66.77,123.37,77.8,10.13
139,Saint George,0,GR,1562653383,61,39.45,22.34,84.2,5.82
140,Vardo,1,US,1562653650,93,39.62,-77.74,66.99,1.74
141,Mandal,36,MN,1562653651,33,48.82,106.5,79.06,4.59
142,Rudnaya Pristan,0,RU,1562653653,51,44.36,135.82,72.4,6.13
143,Upernavik,56,GL,1562653654,89,72.79,-56.15,40.72,20.36
144,Staryy Nadym,30,RU,1562653656,51,65.61,72.68,56.02,13.24
145,Saskylakh,57,RU,1562653657,41,71.97,114.09,69.52,9.1
146,Lagoa,0,PT,1562653658,93,37.14,-8.45,66.0,3.36
147,Leszno,20,PL,1562653660,71,51.84,16.57,60.01,9.17
148,Nabire,71,ID,1562653661,73,-3.36,135.5,81.4,2.64
149,Uvira,47,CD,1562653662,75,-3.41,29.14,56.92,2.53
150,Tiarei,20,PF,1562653664,78,-17.53,-149.33,77.0,1.12
151,Denpasar,20,ID,1562653611,74,-8.65,115.22,80.6,17.22
152,Ponerihouen,6,NC,1562653667,71,-21.08,165.4,62.86,4.07
153,Pirenopolis,0,BR,1562653668,82,-15.85,-48.96,59.0,9.17
154,Esperance,40,AU,1562653669,59,-33.86,121.89,60.8,19.46
155,Coahuayana,51,MX,1562653670,77,18.62,-100.35,74.38,1.41
156,Jati,75,PK,1562653672,47,24.35,68.27,95.26,20.89
157,Torrington,1,US,1562653673,72,42.06,-104.18,66.2,3.36
158,Moose Factory,90,CA,1562653674,72,51.26,-80.61,60.8,6.93
159,Iralaya,96,HN,1562653676,92,15.0,-83.23,76.54,3.83
160,Ikryanoye,0,RU,1562653677,35,46.1,47.74,86.0,13.42
161,Saint-Denis,0,FR,1562653679,67,48.94,2.36,60.01,9.17
162,Hermanus,0,ZA,1562653680,89,-34.42,19.24,53.01,12.77
163,Xai-Xai,0,MZ,1562653681,75,-25.04,33.64,63.4,2.8
164,Namibe,0,AO,1562653682,79,-15.19,12.15,67.72,3.69
165,Moa,32,CU,1562653684,96,20.66,-74.95,70.6,2.82
166,Chokurdakh,98,RU,1562653685,40,70.62,147.9,70.06,7.02
167,Areosa,16,PT,1562653687,100,41.72,-8.86,63.0,4.7
168,Dhoraji,95,IN,1562653688,60,21.73,70.45,86.98,16.17
169,Mehamn,20,NO,1562653689,81,71.03,27.85,51.8,11.41
170,Caucaia,75,BR,1562653691,83,-3.73,-38.66,77.0,8.05
171,Alofi,52,NU,1562653692,94,-19.06,-169.92,73.4,2.24
172,Lorengau,100,PG,1562653693,77,-2.02,147.27,82.12,12.8
173,Dikson,100,RU,1562653695,96,73.51,80.55,32.08,13.73
174,Cockburn Town,46,TC,1562653516,80,21.46,-71.14,82.3,21.3
175,Baturaja,7,ID,1562653697,54,-4.12,104.17,88.6,4.07
176,Rome,0,IT,1562653699,83,41.89,12.48,82.0,3.36
177,Fort Nelson,20,CA,1562653700,76,58.81,-122.69,53.6,2.59
178,Jiayuguan,0,CN,1562653701,24,39.77,98.29,76.9,12.12
179,Chapais,1,CA,1562653702,76,49.78,-74.86,51.8,3.36
180,Kodiak,1,US,1562653704,56,39.95,-94.76,77.0,5.82
181,Hasaki,75,JP,1562653705,73,35.73,140.83,72.0,12.75
182,Elat,100,CM,1562653707,98,2.91,11.16,67.18,3.78
183,Sioux Lookout,90,CA,1562653489,93,50.1,-91.92,64.4,6.93
184,Kiruna,91,SE,1562653709,41,67.86,20.23,57.2,8.05
185,Shwebo,100,MM,1562653710,63,22.57,95.7,86.8,12.68
186,Honningsvag,0,NO,1562653712,66,70.98,25.97,51.8,2.24
187,Te Anau,99,NZ,1562653713,83,-45.41,167.72,44.14,3.53
188,Labuhan,31,ID,1562653714,39,-2.54,115.51,90.76,3.87
189,Matagami,100,NG,1562653716,98,9.67,8.4,68.26,1.99
190,Yar-Sale,28,RU,1562653717,48,66.83,70.83,57.1,8.95
191,Karaton,20,ID,1562653718,58,-6.34,106.1,89.01,9.17
192,Lebu,99,ET,1562653720,79,8.96,38.73,62.14,3.62
193,Inhambane,20,MZ,1562653480,88,-23.87,35.38,64.4,4.7
194,Hamilton,40,CA,1562653683,82,43.26,-79.87,66.99,4.7
195,Santa Maria,0,BR,1562653723,93,-16.02,-48.01,55.4,2.24
196,Agdas,40,AZ,1562653725,42,40.65,47.48,86.0,2.24
197,Kenmare,75,IE,1562653727,100,51.88,-9.58,57.2,1.12
198,Toda Raisingh,89,IN,1562653728,61,26.03,75.48,86.62,12.06
199,Vrangel,0,RU,1562653729,48,42.73,133.08,78.34,5.86
200,Morgan City,1,US,1562653730,100,29.7,-91.21,84.0,4.45
201,Vidim,75,CZ,1562653732,62,50.47,14.53,59.0,3.36
202,Zhangjiakou,99,CN,1562653733,38,40.77,114.88,72.4,11.77
203,Parauna,63,ID,1562653734,75,-3.82,122.09,80.68,3.36
204,Green River,1,US,1562653736,66,41.53,-109.47,50.0,8.05
205,Vila,75,IT,1562653737,78,45.18,8.4,75.0,5.82
206,Poli,100,CM,1562653738,97,8.48,13.24,70.06,1.21
207,Pacific Grove,90,US,1562653740,77,36.62,-121.92,60.01,8.05
208,Dodge City,1,US,1562653741,94,37.75,-100.02,75.99,11.41
209,Dunedin,69,NZ,1562653742,78,-45.87,170.5,45.0,1.99
210,Marawi,92,PH,1562653744,79,8.0,124.29,84.0,3.0
211,Asosa,74,ET,1562653745,87,10.07,34.53,70.24,1.97
212,Aklavik,20,CA,1562653685,44,68.22,-135.01,60.8,9.17
213,Tessalit,0,ML,1562653748,13,20.2,1.01,88.78,20.2
214,Marsh Harbour,85,BS,1562653641,72,26.54,-77.06,83.92,18.7
215,Deputatskiy,87,RU,1562653751,67,69.3,139.9,67.36,3.69
216,Ibimirim,65,BR,1562653752,84,-8.54,-37.69,67.36,14.47
217,Faya,0,SA,1562653754,33,18.39,42.45,82.4,13.87
218,Stafford,1,US,1562653755,80,39.71,-74.28,69.01,3.51
219,Faanui,38,PF,1562653756,80,-16.48,-151.75,79.24,17.63
220,Coquimbo,90,CL,1562653758,81,-29.95,-71.34,53.6,3.36
221,Mariental,0,BR,1562653759,97,-25.72,-49.65,46.99,1.43
222,Goderich,0,CA,1562653760,84,43.74,-81.71,68.0,6.04
223,Bulgan,91,MN,1562653762,39,48.81,103.53,74.92,8.43
224,Sayyan,62,YE,1562653763,35,15.17,44.32,81.4,3.6
225,Hambantota,40,LK,1562653764,70,6.12,81.12,89.6,13.87
226,Victoria,75,BN,1562653767,66,5.28,115.24,91.4,4.7
227,Lapua,90,FI,1562653768,71,62.97,23.01,51.01,8.05
228,Kibre Mengist,72,ET,1562653769,94,5.87,38.99,57.28,2.06
229,Keuruu,75,FI,1562653770,81,62.26,24.71,52.0,10.29
230,Matoury,0,GF,1562653772,100,4.85,-52.33,73.4,1.68
231,Pyapon,84,MM,1562653773,69,16.29,95.68,88.78,15.05
232,Alta,0,NO,1562653774,58,69.97,23.27,59.0,3.36
233,Pompeu,0,BR,1562653776,62,-21.05,-48.85,59.0,6.93
234,Zhanakorgan,0,KZ,1562653777,17,43.91,67.25,97.42,19.15
235,Klaksvik,1,FO,1562653779,81,62.23,-6.59,50.0,13.87
236,Shizunai,85,JP,1562653780,81,42.33,142.37,59.08,8.25
237,Husavik,93,CA,1562653781,84,50.56,-96.99,68.0,5.01
238,Basudebpur,98,IN,1562653783,45,21.14,86.74,95.62,14.43
239,Sobolevo,29,RU,1562653784,92,54.43,31.9,52.96,9.31
240,Sarangani,100,PH,1562653785,70,5.4,125.46,81.94,4.74
241,Kuldiga,75,LV,1562653787,87,56.97,21.96,60.8,10.29
242,Tasiilaq,86,GL,1562653788,64,65.61,-37.64,33.8,5.82
243,Thinadhoo,65,MV,1562653789,80,0.53,72.93,84.1,15.95
244,Nanortalik,100,GL,1562653791,60,60.14,-45.24,45.76,4.07
245,Shenzhen,20,CN,1562653792,84,22.54,114.05,95.0,17.9
246,San Rafael,0,AR,1562653759,69,-34.61,-68.33,45.22,5.77
247,Monte Patria,79,CL,1562653794,81,-30.69,-70.96,47.56,0.51
248,Salalah,75,OM,1562653796,74,17.01,54.1,86.0,6.93
249,Phonhong,75,LA,1562653797,55,18.5,102.42,91.4,6.93
250,Kidal,9,ML,1562653799,40,18.44,1.41,87.34,17.25
251,Castro,90,CL,1562653800,100,-42.48,-73.76,50.0,16.11
252,Leningradskiy,36,RU,1562653802,65,69.38,178.42,50.08,11.32
253,Mayo,90,CA,1562653803,33,63.59,-135.9,71.6,6.93
254,Chimbarongo,0,CL,1562653804,100,-34.71,-71.04,39.2,2.24
255,Christchurch,1,NZ,1562653806,70,-43.53,172.64,46.99,3.36
256,Jiblah,66,YE,1562653807,46,13.92,44.15,78.88,4.29
257,Laguna,90,BZ,1562653808,94,16.17,-88.94,77.0,4.7
258,Manzil Salim,0,TN,1562653810,25,35.86,8.48,84.2,2.24
259,Boende,25,CD,1562653811,82,-0.28,20.88,73.3,4.18
260,East London,0,ZA,1562653813,72,-33.02,27.91,60.8,16.11
261,Baruun-Urt,16,MN,1562653814,36,46.68,113.28,78.52,7.9
262,Plyussa,100,RU,1562653815,94,58.42,29.37,54.4,5.37
263,Florianopolis,0,BR,1562653817,93,-27.6,-48.55,53.6,6.93
264,Flin Flon,87,CA,1562653818,48,54.77,-101.88,59.08,5.73
265,Walvis Bay,0,NA,1562653819,11,-22.95,14.51,80.6,18.34
266,Sigli,20,ID,1562653785,45,5.38,95.96,92.92,4.61
267,Kamaishi,75,JP,1562653822,64,39.28,141.86,69.8,14.99
268,General Pico,10,AR,1562653823,88,-35.66,-63.75,42.34,5.95
269,Caravelas,84,BR,1562653824,75,-17.73,-39.27,69.52,13.2
270,Harper,1,US,1562653826,83,30.3,-99.24,80.01,8.05
271,Oktyabrskiy,0,RU,1562653827,55,55.61,37.97,66.2,8.95
272,Saldanha,2,PT,1562653828,82,41.42,-6.55,59.62,3.65
273,Synya,98,RU,1562653830,41,65.37,58.04,63.94,2.95
274,Coihaique,91,CL,1562653765,100,-45.58,-72.07,37.4,1.7
275,Gilgit,0,PK,1562653832,21,35.92,74.31,63.04,3.53
276,San Vicente,75,EC,1562653834,83,-0.59,-80.41,73.4,5.82
277,Evensk,66,RU,1562653835,49,61.92,159.24,67.0,5.55
278,Porbandar,40,IN,1562653837,66,21.64,69.61,91.4,13.87
279,Tuscaloosa,1,US,1562653836,94,33.21,-87.57,78.01,4.27
280,Torbay,20,CA,1562653839,71,47.66,-52.73,61.0,18.34
281,Sawtell,0,AU,1562653841,55,-30.38,153.1,66.2,5.82
282,Hirara,75,JP,1562653842,84,24.8,125.28,87.8,18.34
283,Yeppoon,40,AU,1562653843,47,-23.13,150.74,75.2,9.17
284,Port Hardy,40,CA,1562653845,93,50.7,-127.42,55.4,4.7
285,Iquitos,20,PE,1562653846,88,-3.75,-73.25,71.6,2.24
286,Touros,40,BR,1562653848,94,-5.2,-35.46,71.6,4.7
287,Petropavlovsk-Kamchatskiy,75,RU,1562653849,82,53.05,158.65,55.4,8.95
288,Buala,74,SB,1562653850,82,-8.15,159.59,81.94,13.56
289,Longyearbyen,75,NO,1562653852,81,78.22,15.63,50.0,10.29
290,Caohai,100,CN,1562653853,85,26.87,104.28,59.44,2.66
291,Cayenne,0,GF,1562653854,100,4.94,-52.33,73.4,1.68
292,Bambous Virieux,40,MU,1562653856,74,-20.34,57.76,78.8,4.7
293,Avera,1,US,1562653857,94,33.19,-82.53,82.4,4.7
294,Tezu,100,IN,1562653858,98,27.93,96.16,72.4,0.94
295,Todos Santos,5,MX,1562653860,30,23.45,-110.23,87.01,5.82
296,Tairua,83,NZ,1562653861,79,-37.02,175.85,55.0,7.0
297,Mecca,0,SA,1562653862,25,21.43,39.83,94.18,11.72
298,Clyde River,20,CA,1562653864,93,70.47,-68.59,41.0,8.05
299,Colares,75,PT,1562653865,88,38.8,-9.45,68.0,6.93
300,Ambulu,50,ID,1562653866,81,-8.35,113.61,75.28,18.61
301,Charters Towers,58,AU,1562653868,61,-20.07,146.27,70.96,8.39
302,Sitka,43,US,1562653869,85,37.17,-99.65,73.0,1.99
303,Pizarro,77,CO,1562653870,81,4.95,-77.37,79.06,6.44
304,Tigil,42,RU,1562653872,57,57.8,158.67,62.32,13.06
305,Vaitape,38,PF,1562653873,80,-16.52,-151.75,79.24,17.63
306,Lieksa,87,FI,1562653874,74,63.32,30.02,50.08,11.79
307,Khalkhal,0,IR,1562653876,41,37.62,48.53,69.16,4.52
308,Tete,1,MZ,1562653877,68,-16.16,33.59,66.2,3.36
309,Khorinsk,27,RU,1562653879,31,52.16,109.78,78.16,7.81
310,Den Helder,75,NL,1562653880,67,52.96,4.76,62.01,5.82
311,Sinnamary,93,GF,1562653881,79,5.38,-52.96,80.32,8.93
312,Coruripe,79,BR,1562653883,97,-10.12,-36.18,69.7,5.66
313,Cobourg,1,CA,1562653809,100,43.96,-78.17,64.0,5.88
314,Bukama,63,CD,1562653885,33,-9.2,25.85,64.66,3.13
315,Kapuskasing,5,CA,1562653887,72,49.42,-82.43,62.6,2.24
316,Huilong,36,CN,1562653888,66,31.15,106.5,81.94,0.94
317,Vila Franca do Campo,20,PT,1562653889,77,37.72,-25.43,62.6,2.24
318,Santa Vitoria do Palmar,100,BR,1562653890,88,-33.52,-53.37,47.56,4.9
319,Oussouye,75,SN,1562653892,88,12.49,-16.54,78.8,4.05
320,Kamskiye Polyany,0,RU,1562653893,60,55.43,51.42,68.0,15.66
321,Sao Gabriel da Cachoeira,16,BR,1562653894,92,-0.13,-67.09,69.52,1.14
322,Ossora,89,RU,1562653896,69,59.24,163.07,56.74,3.96
323,Marzuq,72,YE,1562653897,19,14.4,46.47,90.58,2.48
324,Shancheng,100,CN,1562653899,99,26.9,117.17,72.76,1.61
325,Katsuura,75,JP,1562653900,78,33.93,134.5,78.8,5.82
326,Kisangani,100,CD,1562653901,97,0.52,25.21,70.96,0.36
327,Houma,71,CN,1562653903,30,35.63,111.36,83.92,8.57
328,Babushkin,94,RU,1562653904,78,51.72,105.86,52.96,6.11
329,Baykit,97,RU,1562653906,72,61.68,96.39,66.1,9.82
330,Talnakh,75,RU,1562653908,66,69.49,88.39,53.6,22.37
331,Kushima,75,JP,1562653909,78,31.5,131.29,82.99,10.29
332,Cove,1,US,1562653911,78,29.8,-94.84,84.2,6.93
333,Kununurra,39,AU,1562653912,23,-15.77,128.74,87.8,9.17
334,Pocone,0,BR,1562653913,58,-16.26,-56.62,60.88,2.75
335,Bakau,0,GM,1562653914,94,13.48,-16.68,77.0,8.05
336,Patiya,90,BD,1562653635,94,22.3,91.98,78.8,13.87
337,Alta Floresta,7,BR,1562653917,62,-9.87,-56.08,68.98,2.51
338,Mildura,0,AU,1562653919,51,-34.18,142.16,61.0,8.05
339,Bubaque,100,GW,1562653920,78,11.28,-15.83,79.78,9.22
340,Qaqortoq,100,GL,1562653921,24,60.72,-46.03,59.0,21.92
341,Port Lincoln,1,AU,1562653922,74,-34.72,135.86,59.08,19.55
342,Sorland,0,NO,1562653924,67,67.67,12.69,62.6,10.29
343,Sept-Iles,75,CA,1562653895,58,50.2,-66.38,59.0,10.29
344,Hattiesburg,1,US,1562653816,94,31.33,-89.29,80.6,3.36
345,Boa Vista,0,BR,1562653928,88,2.82,-60.67,77.0,3.36
346,Cherskiy,89,RU,1562653929,37,68.75,161.3,74.74,8.68
347,Gambela,96,ET,1562653930,83,8.25,34.59,68.08,4.32
348,Yalvac,0,TR,1562653932,50,38.3,31.18,75.2,9.17
349,Ajdabiya,0,LY,1562653933,77,30.75,20.22,77.8,4.21
350,San Patricio,2,PY,1562653934,86,-26.98,-56.83,47.2,6.6
351,Umm Bab,1,QA,1562653936,15,25.21,50.81,105.8,13.87
352,Eureka,90,US,1562653770,87,40.8,-124.16,60.01,3.36
353,Leshukonskoye,80,RU,1562653938,55,64.9,45.76,56.74,7.52
354,Mulege,0,MX,1562653940,49,26.88,-111.98,83.2,3.11
355,Olinda,75,AU,1562653941,62,-37.84,145.39,57.99,8.05
356,Usinsk,56,RU,1562653942,50,66.0,57.56,59.44,5.14
357,Erenhot,99,CN,1562653944,24,43.65,111.97,82.48,12.91
358,Yarmouth,20,CA,1562653945,82,43.84,-66.12,59.0,10.29
359,Kungurtug,43,RU,1562653947,35,50.6,97.53,74.02,7.83
360,Ambilobe,0,MG,1562653948,59,-13.19,49.05,81.04,4.85
361,Jumla,79,NP,1562653950,71,29.28,82.18,68.44,5.3
362,Peleduy,100,RU,1562653951,28,59.63,112.75,84.64,3.51
363,Opuwo,51,NA,1562653952,17,-18.06,13.84,49.0,8.37
364,General Roca,0,AR,1562653953,100,-39.03,-67.58,33.8,3.36
365,Barranca,85,PE,1562653955,86,-10.75,-77.76,62.68,16.84
366,Aksha,37,RU,1562653956,37,50.28,113.29,76.72,2.37
367,Manggar,38,ID,1562653958,54,-2.88,108.27,87.52,9.15
368,Lamu,1,CN,1562653959,38,35.77,102.37,67.0,2.53
369,Tekeli,84,KZ,1562653960,13,44.86,78.76,97.06,5.39
370,Mazagao,20,BR,1562653962,100,-0.12,-51.29,77.0,2.24
371,Mayahi,100,NE,1562653963,60,13.95,7.67,79.96,12.15
372,Meadow Lake,46,CA,1562653964,95,54.13,-108.44,48.64,3.8
373,Muros,75,ES,1562653966,93,42.77,-9.06,68.0,6.93
374,Cumana,20,VE,1562653968,94,10.46,-64.17,78.8,12.1
375,Codrington,0,AU,1562653969,43,-28.95,153.24,71.6,4.85
376,Ambon,0,FR,1562653970,72,47.55,-2.56,66.0,6.93
377,San Jose,40,HN,1562653904,88,14.25,-87.96,75.2,8.05
378,Zamania,100,IN,1562653973,94,25.42,83.56,79.6,7.38
379,Cervo,0,BR,1562653974,79,-22.19,-46.24,47.02,5.32
380,Tromso,0,NO,1562653975,67,69.65,18.96,60.8,11.41
381,Arman,14,RU,1562653926,55,59.7,150.17,65.74,7.38
382,Providencia,100,CO,1562653978,85,1.24,-77.6,49.9,6.08
383,Whitehorse,75,CA,1562653815,30,60.72,-135.06,71.6,9.17
384,Safakulevo,7,RU,1562653981,66,54.99,62.54,64.48,8.43
385,Grindavik,75,IS,1562653982,81,63.84,-22.43,53.01,17.22
386,Kavaratti,40,IN,1562653983,79,10.57,72.64,87.8,13.87
387,Nuuk,0,GL,1562653985,81,64.17,-51.74,48.2,8.05
388,Formosa do Rio Preto,3,BR,1562653986,83,-11.04,-45.19,62.5,3.02
389,Russellville,20,US,1562653925,100,35.28,-93.13,77.0,1.79
390,Lyambir,100,RU,1562653989,88,54.28,45.12,64.84,12.82
391,Dois Corregos,0,BR,1562653810,93,-22.37,-48.38,53.6,11.41
392,Guerrero Negro,1,MX,1562653991,85,27.97,-114.04,65.02,14.12
393,Goma,75,CD,1562653992,77,-1.67,29.23,64.4,6.93
394,Calamar,88,CO,1562653994,99,1.96,-72.65,65.2,3.02
395,Morogoro,1,TZ,1562653995,73,-6.82,37.67,70.24,1.5
396,Acapulco,40,MX,1562653996,78,16.86,-99.88,82.4,4.7
397,Dyersburg,1,US,1562653998,83,36.03,-89.39,80.01,3.36
398,Sylvania,40,US,1562654000,100,41.72,-83.71,64.99,2.26
399,Mount Gambier,75,AU,1562653723,82,-37.83,140.78,57.2,10.29
400,Khartoum,0,SD,1562654002,43,15.59,32.54,89.6,11.41
401,Cascais,75,PT,1562653862,88,38.7,-9.42,68.0,8.05
402,Touba,19,SN,1562654005,72,14.86,-15.88,75.82,8.25
403,Tomatlan,77,MX,1562654006,80,19.93,-105.25,78.7,2.82
404,Pokhara,100,NP,1562654008,85,28.21,83.99,62.5,3.2
405,Tallahassee,20,US,1562653728,100,30.44,-84.28,77.0,4.43
406,Tiznit,0,MA,1562654010,90,29.7,-9.73,65.92,10.33
407,Kruisfontein,62,ZA,1562654011,91,-34.0,24.73,55.12,10.98
408,Sambava,4,MG,1562654013,66,-14.27,50.17,77.44,3.06
409,San Felipe,0,CL,1562653844,99,-32.75,-70.73,46.99,2.98
410,Waingapu,29,ID,1562654015,61,-9.65,120.26,79.78,14.63
411,Jieshi,99,CN,1562654017,80,22.82,115.83,87.01,5.01
412,Orchard Homes,1,US,1562654018,81,46.86,-114.05,55.99,9.17
413,Manaia,60,BR,1562654019,81,-5.02,-39.08,70.06,5.79
414,Salvador,90,BR,1562653992,73,-12.98,-38.48,77.0,13.87
415,Pisco,75,PE,1562654022,87,-13.71,-76.2,60.01,3.36
416,Bourail,53,NC,1562654023,69,-21.57,165.5,61.78,5.5
417,Piacabucu,55,BR,1562654024,89,-10.41,-36.43,73.84,11.95
418,Tefe,8,BR,1562654026,85,-3.35,-64.71,70.6,1.32
419,Kirakira,100,SB,1562654028,83,-10.46,161.92,79.06,19.46
420,Atambua,0,ID,1562654029,71,-9.11,124.89,78.7,12.17
421,Kharitonovo,99,RU,1562654031,80,61.4,47.5,58.18,6.71
422,Cortez,1,US,1562654032,37,37.35,-108.58,53.6,9.17
423,Abay,0,KZ,1562654033,24,49.63,72.87,82.4,8.95
424,Reims,0,FR,1562654035,67,49.26,4.03,57.2,6.96
425,Maltahohe,0,NA,1562654036,46,-24.83,16.98,41.08,12.3
426,Sao Felix do Xingu,81,BR,1562654038,98,-6.64,-51.99,68.62,1.41
427,Dongsheng,91,CN,1562654039,69,29.72,112.52,81.76,11.23
428,Byron Bay,20,AU,1562653878,64,-28.65,153.62,71.6,5.82
429,Aguimes,20,ES,1562654041,73,27.91,-15.45,69.8,19.46
430,Montepuez,72,MZ,1562654043,57,-13.13,39.0,69.88,7.9
431,Ancud,90,CL,1562654044,100,-41.87,-73.83,50.0,16.11
432,Zhezkazgan,0,KZ,1562654046,20,47.8,67.71,86.0,4.47
433,Baghdad,0,IQ,1562653836,36,33.3,44.38,95.0,13.87
434,Sri Aman,75,MY,1562654048,53,1.24,111.46,95.0,3.36
435,Killybegs,100,IE,1562654050,92,54.63,-8.45,57.99,4.0
436,Okhotsk,55,RU,1562654051,65,59.36,143.24,60.16,16.64
437,Borovichi,65,RU,1562654052,71,58.39,33.91,59.26,3.6
438,Whitianga,83,NZ,1562654053,90,-36.83,175.7,48.99,6.42
439,Muncar,89,ID,1562654055,67,-8.43,114.34,77.98,7.0
440,Ust-Kishert,54,RU,1562654056,70,57.36,57.24,61.6,5.75
441,Charyshskoye,0,RU,1562654058,60,51.4,83.56,75.1,3.33
442,Khanpur,0,PK,1562654059,35,28.65,70.66,102.46,18.41
443,Eirunepe,9,BR,1562654060,86,-6.66,-69.87,68.44,0.51
444,Bathsheba,40,BB,1562654035,78,13.22,-59.52,82.4,18.34
445,Puerto del Rosario,20,ES,1562654063,77,28.5,-13.86,68.0,11.41
446,Tuatapere,91,NZ,1562654064,92,-46.13,167.69,48.99,8.99
447,Gaspe,20,CA,1562654066,71,48.83,-64.48,57.2,5.82
448,Mackay,90,CA,1562654067,100,53.65,-115.58,53.6,4.7
449,Sheffield,75,GB,1562653813,93,53.38,-1.47,57.99,2.24
450,La Libertad,0,PE,1562654069,16,-16.38,-71.56,53.6,11.41
451,Sisimiut,97,GL,1562654071,83,66.94,-53.67,40.9,22.32
452,Sterling,1,US,1562654072,100,39.0,-77.4,66.99,0.49
453,Boyuibe,0,BO,1562654073,87,-20.43,-63.28,49.72,2.8
454,Dongfeng,78,CN,1562654075,49,42.67,125.53,83.92,4.32
455,Tiksi,97,RU,1562654076,73,71.64,128.87,58.72,4.5
456,Nyanguge,6,TZ,1562654078,60,-2.54,33.2,74.38,7.4
457,Kattivakkam,40,IN,1562654079,37,13.22,80.32,100.4,9.17
458,Maniitsoq,2,GL,1562654080,72,65.42,-52.9,46.48,10.51
459,Jambusar,40,IN,1562654082,70,22.05,72.81,89.6,10.29
460,Ilo,100,PE,1562654083,85,-17.65,-71.34,61.06,6.93
461,Imbituba,0,BR,1562654084,93,-28.24,-48.67,53.6,6.93
462,Makakilo City,75,US,1562654052,88,21.35,-158.09,82.4,3.36
463,Praia da Vitoria,20,PT,1562654087,88,38.73,-27.07,63.0,7.27
464,Bougouni,58,ML,1562654089,90,11.42,-7.49,73.12,7.36
465,Remontnoye,40,RU,1562654090,83,46.56,43.66,69.8,13.42
466,Khani,75,GE,1562654092,78,41.96,42.96,78.8,10.29
467,Talara,0,PE,1562654093,89,-4.58,-81.27,65.56,13.51
468,Valka,92,EE,1562654094,89,57.78,26.02,57.99,1.01
469,Labytnangi,100,RU,1562654095,62,66.66,66.39,48.64,4.74
470,Rio de Jesus,89,PA,1562654097,95,7.98,-81.16,72.76,0.94
471,Shache,89,CN,1562654098,15,38.42,77.24,91.66,2.86
472,Baiyin,40,CN,1562654100,59,36.55,104.13,66.2,6.71
473,Tupik,44,RU,1562654101,54,54.43,119.94,71.68,4.74
474,Srednekolymsk,0,RU,1562654102,27,67.46,153.71,79.78,12.33
475,Niquelandia,0,BR,1562654103,66,-14.47,-48.46,63.76,4.54
476,Taoudenni,0,ML,1562654105,19,22.68,-3.98,94.18,5.37
477,Galle,99,GN,1562654106,98,10.08,-12.83,70.06,1.16
478,Tatarsk,37,RU,1562654108,66,55.22,75.96,68.44,9.57
479,Lavrentiya,3,RU,1562654109,35,65.58,-170.99,68.26,4.68
480,Poronaysk,99,RU,1562654110,77,49.22,143.1,54.04,11.05
481,Uusikaupunki,90,FI,1562654112,81,60.8,21.41,57.0,6.93
482,Kutum,84,SD,1562654113,60,14.2,24.66,75.82,8.28
483,Altamira,66,BR,1562654114,99,-3.2,-52.21,69.88,0.54
484,Orhangazi,0,TR,1562654116,61,40.49,29.31,82.4,2.24
485,Bethel,90,US,1562654118,45,60.79,-161.76,87.8,4.7
486,Dolinsk,40,RU,1562654119,67,47.32,142.8,62.6,6.71
487,Turayf,0,SA,1562654120,39,31.68,38.65,82.4,9.17
488,Adrar,0,DZ,1562654122,12,27.87,-0.29,84.2,12.75
489,Tarakan,40,ID,1562654123,70,3.3,117.63,87.8,3.36
490,Luau,49,CD,1562654124,32,-10.7,22.23,56.74,3.2
491,Mazamari,53,PE,1562654126,82,-11.33,-74.53,32.98,2.82
492,San Juan,16,AR,1562654036,21,-31.54,-68.53,50.26,7.94
493,Seydi,0,NE,1562654128,94,13.34,7.75,75.2,4.7
494,Roald,20,NO,1562654130,81,62.58,6.12,55.99,10.29
495,Payo,4,ID,1562654131,56,-3.75,103.64,84.28,2.55
496,Port Blair,30,IN,1562654132,78,11.67,92.75,84.28,16.42
497,Richards Bay,37,ZA,1562654134,77,-28.77,32.06,65.56,7.9
498,Roanoke Rapids,90,US,1562654135,100,36.46,-77.65,73.99,4.7
499,Virginia Beach,75,US,1562653962,78,36.85,-75.98,75.99,6.93
500,Benguela,75,AO,1562654138,93,-12.58,13.4,64.4,1.77
501,Vila Velha,75,BR,1562654139,83,-3.71,-38.6,77.0,8.05
502,Auburn,1,US,1562654027,93,44.1,-70.23,64.0,4.5
503,Umm Kaddadah,71,SD,1562654142,59,13.6,26.69,80.5,8.32
504,Athabasca,100,CA,1562654143,98,54.72,-113.29,47.38,6.38
505,Puerto Narino,0,CO,1562654144,100,-3.77,-70.38,69.8,1.34
506,Hokitika,100,NZ,1562654146,77,-42.72,170.96,49.18,3.06
507,San Ignacio,38,PE,1562654147,96,-5.15,-79.0,55.3,0.96
508,Cedral,96,MX,1562654148,52,23.82,-100.72,70.96,4.32
509,Lasa,20,CY,1562654150,74,34.92,32.53,86.0,5.82
510,Ust-Karsk,78,RU,1562654151,39,52.71,118.82,76.72,7.63
511,Ebersbach,40,DE,1562654152,67,47.95,9.58,60.01,9.17
512,Shahrud,0,IR,1562654154,28,36.42,54.97,70.06,9.37
513,Berlevag,20,NO,1562654155,81,70.86,29.09,50.0,13.87
514,Okakarara,63,NA,1562654157,36,-20.59,17.46,41.8,9.48
515,Inta,57,RU,1562654158,49,66.04,60.13,57.82,7.2
516,Hervey Bay,40,AU,1562654159,53,-25.3,152.85,72.0,11.41
517,Los Llanos de Aridane,20,ES,1562654161,64,28.66,-17.92,69.8,9.17
518,Moerai,50,PF,1562654162,81,-22.43,-151.33,72.04,17.0
519,Salinopolis,53,BR,1562654163,78,-0.61,-47.36,81.04,13.56
520,Khao Yoi,40,TH,1562654165,66,13.24,99.82,89.6,10.29
521,Hopfgarten,20,DE,1562654166,76,50.99,11.22,57.0,12.75
522,Goundam,4,ML,1562654168,39,16.42,-3.66,86.8,11.54
523,Kandrian,57,PG,1562654169,66,-6.21,149.55,79.78,11.16
524,Skibbereen,75,IE,1562653901,87,51.55,-9.27,59.0,3.36
525,Manzhouli,17,CN,1562654172,40,49.6,117.43,78.16,8.57
526,Dudinka,75,RU,1562654173,66,69.41,86.18,53.6,22.37
527,Impfondo,40,CD,1562654174,86,1.62,18.06,72.22,2.51
528,Karabulak,89,KZ,1562654176,13,44.91,78.49,99.58,7.74
529,Neryungri,74,RU,1562654178,75,56.66,124.71,68.62,4.03
530,Marsa Matruh,0,EG,1562654179,94,31.35,27.25,75.2,8.05
531,Berezovka,100,RU,1562654180,95,55.71,42.61,58.36,6.78
532,Salekhard,100,RU,1562654182,50,66.54,66.62,56.02,2.53
533,Kropotkin,54,RU,1562654183,73,45.43,40.58,74.56,14.83
534,Chingirlau,0,KZ,1562654184,25,51.09,54.08,87.16,8.3
535,Cabedelo,40,BR,1562654185,100,-6.97,-34.84,71.6,4.7
536,Lucapa,0,AO,1562654187,28,-8.42,20.74,58.72,5.93
537,Sao Geraldo do Araguaia,24,BR,1562654188,96,-6.4,-48.55,70.06,3.71
